country.description.ad        = Andorra
country.description.ad.02     = Andorra la Vella
country.description.ad.03     = Canillo
country.description.ad.04     = Encamp
country.description.ad.05     = Escaldes-Engordany
country.description.ad.06     = La Massana
country.description.ad.07     = Ordino
country.description.ad.08     = Sant Julià de Lòria
country.description.ae        = Vereinigte Arabische Emirate
country.description.af        = Afghanistan
country.description.ag        = Antigua und Barbuda
country.description.ai        = Anguilla
country.description.al        = Albanien
country.description.am        = Armenien
country.description.an        = Niederländische Antillen
country.description.ao        = Angola
country.description.aq        = Antarktis
country.description.ar        = Argentinien
country.description.as        = Amerikanisch Samoa
country.description.at        = Österreich
country.description.at.1      = Burgenland
country.description.at.2      = Kärnten
country.description.at.3      = Niederösterreich
country.description.at.4      = Oberösterreich
country.description.at.5      = Salzburg
country.description.at.6      = Steiermark
country.description.at.7      = Tirol
country.description.at.8      = Vorarlberg
country.description.at.9      = Wien
country.description.au        = Australien
country.description.au.act    = Australisches Hauptstadt-Territorium
country.description.au.nsw    = Neu Süd-Wales
country.description.au.nt     = Nördliches Territorium
country.description.au.qld    = Queensland
country.description.au.qld.br = Brisbane Area
country.description.au.sa     = Süd-Australien
country.description.au.tas    = Tasmanien
country.description.au.tas.ho = Hobard Area
country.description.au.tas.nh = Non-Hobard Area
country.description.au.vic    = Victoria
country.description.au.wa     = West-Australien
country.description.aw        = Aruba
country.description.ax        = Öland Inseln
country.description.az        = Aserbaidschan
country.description.ba        = Bosnien und Herzegowina
country.description.ba.bih    = Föderation Bosnien und Herzigowina
country.description.ba.srp    = Republik Srpska
country.description.bb        = Barbados
country.description.bd        = Bangladesch
country.description.be        = Belgien
country.description.bf        = Burkina Faso
country.description.bg        = Bulgarien
country.description.bh        = Bahrain
country.description.bi        = Burundi
country.description.bj        = Benin
country.description.bm        = Bermuda
country.description.bn        = Brunei Darussalam
country.description.bo        = Bolivien
country.description.br        = Brasilien
country.description.br.go     = Goiás
country.description.br.mg     = Minas Gerais
country.description.br.mg.bh  = Belo Horizonte
country.description.br.ms     = Mato Grosso do Sul
country.description.br.ms.cg  = Campo Grande
country.description.br.ms.do  = Dourados
country.description.br.pb     = Paraíba
country.description.br.pb.jpa = João Pessoa
country.description.br.pe     = Pernambuco
country.description.br.pr     = Parana
country.description.br.pr.cu  = Curitiba
country.description.br.rj     = Rio de Janeiro
country.description.br.rj.crj = City of Rio de Janeiro
country.description.br.rn     = Rio Grande do Norte
country.description.br.rn.na  = Natal
country.description.br.rs     = Rio Grande do Sul
country.description.br.rs.sm  = Santa Maria
country.description.br.sp     = Sao Paulo
country.description.br.sp.csp = Sao Paulo Stadt
country.description.bs        = Bahamas
country.description.bt        = Bhutan
country.description.bv        = Bouvetinsel
country.description.bw        = Botsuana
country.description.by        = Weißrussland
country.description.bz        = Belize
country.description.ca        = Kanada
country.description.ca.ab     = Alberta
country.description.ca.bc     = Britisch Columbia
country.description.ca.mb     = Manitoba
country.description.ca.nb     = New Brunswick
country.description.ca.nl     = Neufundland und Labrador
country.description.ca.ns     = Nova Scotia
country.description.ca.nt     = Nordwest-Territorien
country.description.ca.nu     = Nunavut
country.description.ca.on     = Ontario
country.description.ca.pe     = Prinz Edward Insel
country.description.ca.qc     = Quebec
country.description.ca.sk     = Saskatchewan
country.description.ca.yt     = Yukon
country.description.cc        = Kokosinseln
country.description.cd        = Kongo, Dem. Rep.
country.description.cf        = Zentralafrikanische Republik
country.description.cg        = Kongo
country.description.ch        = Schweiz
country.description.ch.ag     = Aargau
country.description.ch.ai     = Appenzell Innerrhoden
country.description.ch.ar     = Appenzell Ausserrhoden
country.description.ch.be     = Bern
country.description.ch.bl     = Basel-Landschaft
country.description.ch.bs     = Basel-Stadt
country.description.ch.fr     = Freiburg
country.description.ch.ge     = Genf
country.description.ch.gl     = Glarus
country.description.ch.gr     = Graubünden
country.description.ch.ju     = Jura
country.description.ch.lu     = Luzern
country.description.ch.ne     = Neuenburg
country.description.ch.nw     = Nidwalden
country.description.ch.ow     = Obwalden
country.description.ch.sg     = St.Gallen
country.description.ch.sh     = Schaffhausen
country.description.ch.so     = Solothurn
country.description.ch.sz     = Schwyz
country.description.ch.tg     = Thurgau
country.description.ch.ti     = Tessin
country.description.ch.ur     = Uri
country.description.ch.vd     = Waadt
country.description.ch.vs     = Wallis
country.description.ch.zg     = Zug
country.description.ch.zh     = Zürich
country.description.ci        = Elfenbeinküste
country.description.ck        = Cookinseln
country.description.cl        = Chile
country.description.cm        = Kamerun
country.description.cn        = China
country.description.co        = Kolumbien
country.description.cr        = Costa Rica
country.description.cu        = Kuba
country.description.cu.01     = Pinar del Rio del Rio
country.description.cu.03     = Havanna
country.description.cu.04     = Matanzas
country.description.cu.05     = Clara City Stadt
country.description.cu.06     = Cienfuegos
country.description.cu.07     = Heiliger Geist Geist
country.description.cu.08     = Ciego de Avila de Avila
country.description.cu.09     = Camaguey
country.description.cu.10     = Las Tunas Tunas
country.description.cu.11     = Holguin
country.description.cu.12     = Granma
country.description.cu.13     = Santiago
country.description.cu.14     = Guantanamo
country.description.cu.15     = Artemisa
country.description.cu.16     = Mayabeque
country.description.cu.99     = Insel der Jugend
country.description.cv        = Kap Verde
country.description.cx        = Weihnachtsinsel
country.description.cy        = Zypern
country.description.cy.01     = Nikosia
country.description.cy.02     = Limassol
country.description.cy.03     = Larnaca
country.description.cy.04     = Famagusta
country.description.cy.05     = Paphos
country.description.cy.06     = Kyrenia
country.description.cz        = Tschechische Republik
country.description.de        = Deutschland
country.description.de.bb     = Brandenburg
country.description.de.be     = Berlin
country.description.de.bw     = Baden-Württemberg
country.description.de.by     = Bayern
country.description.de.by.ag  = Augsburg
country.description.de.by.in  = Ingolstadt
country.description.de.by.mu  = München
country.description.de.by.re  = Regensburg
country.description.de.by.wu  = Würzburg
country.description.de.hb     = Bremen
country.description.de.he     = Hessen
country.description.de.hh     = Hamburg
country.description.de.mv     = Mecklenburg-Vorpommern
country.description.de.ni     = Niedersachsen
country.description.de.nw     = Nordrhein-Westfalen
country.description.de.rp     = Rheinland-Pfalz
country.description.de.sh     = Schleswig-Holstein
country.description.de.sl     = Saarland
country.description.de.sn     = Sachsen
country.description.de.st     = Sachsen-Anhalt
country.description.de.th     = Thüringen
country.description.dj        = Republik Dschibuti
country.description.dk        = Dänemark
country.description.dm        = Dominica
country.description.do        = Dominikanische Republik
country.description.dz        = Algerien
country.description.ec        = Ecuador
country.description.ee        = Estland
country.description.eg        = Ägypten
country.description.eh        = Westsahara
country.description.er        = Eritrea
country.description.es        = Spanien
country.description.es.an     = Andalusien
country.description.es.ar     = Aragonien
country.description.es.as     = Asturien
country.description.es.bcn    = Barcelona
country.description.es.cb     = Kantabrien
country.description.es.ce     = Ceuta
country.description.es.cl     = Kastilien und Leon
country.description.es.cm     = Kastilien - La Mancha
country.description.es.cn     = Kanarische Inseln
country.description.es.ct     = Katalonien
country.description.es.ex     = Extremadura
country.description.es.ga     = Galicien
country.description.es.ib     = Balearische Insel
country.description.es.lo     = La Rioja
country.description.es.mc     = Murcia
country.description.es.md     = Madrid
country.description.es.md.mad = Madrid Stadt
country.description.es.ml     = Melilla
country.description.es.nc     = Navarra
country.description.es.pv     = Euskadi
country.description.es.vc     = Valencia
country.description.et        = Äthiopien
country.description.fi        = Finnland
country.description.fi.01     = Åland
country.description.fj        = Fidschi
country.description.fk        = Falklandinseln
country.description.fm        = Mikronesien, Föderierte Staaten von
country.description.fo        = Färöer
country.description.fr        = Frankreich
country.description.fr.971    = Guadeloupe
country.description.fr.972    = Martinique
country.description.fr.973    = Guyane
country.description.fr.974    = La Reunion
country.description.fr.ges.57 = Moselle
country.description.fr.ges.67 = Bas-Rhin
country.description.fr.ges.68 = Haut-Rhin
country.description.ga        = Gabun
country.description.gb        = Vereinigtes Königreich Großbritannien
country.description.gb.eng    = England
country.description.gb.nir    = Nordirland
country.description.gb.sct    = Schottland
country.description.gb.wls    = Wales
country.description.gd        = Grenada
country.description.ge        = Georgien
country.description.ge.ab     = Abchasien
country.description.ge.aj     = Adscharien
country.description.ge.gu     = Guria
country.description.ge.im     = Imereti
country.description.ge.ka     = K'akheti
country.description.ge.kk     = Kvemo Kartli
country.description.ge.mm     = Mtskheta-Mtianeti
country.description.ge.rl     = Rach'a-Lechkhumi-Kvemo Svaneti
country.description.ge.sj     = Samtskhe-Javakheti
country.description.ge.sk     = Schida Kartli
country.description.ge.sz     = Samegrelo-Zemo Svaneti (Schwanetien)
country.description.ge.tb     = Tiflis
country.description.gf        = Französisch Guiana
country.description.gg        = Guernsey
country.description.gh        = Ghana
country.description.gi        = Gibraltar
country.description.gl        = Grönland
country.description.gm        = Gambia
country.description.gn        = Guinea
country.description.gp        = Guadeloupe
country.description.gq        = Äquatorialguinea
country.description.gr        = Griechenland
country.description.gs        = Südgeorgien und die Südlichen Sandwichinseln
country.description.gt        = Guatemala
country.description.gu        = Guam
country.description.gw        = Guinea-Bissau
country.description.gy        = Guyana
country.description.hk        = Hong Kong
country.description.hm        = Heard Insel und McDonald Inseln
country.description.hn        = Honduras
country.description.hr        = Kroatien
country.description.ht        = Haiti
country.description.hu        = Ungarn
country.description.id        = Indonesien
country.description.ie        = Irland
country.description.il        = Israel
country.description.im        = Isle of Man
country.description.in        = Indien
country.description.in.an     = Andaman und Nicobar Islands
country.description.in.ap     = Andhra Pradesh
country.description.in.ar     = Arunachal Pradesh
country.description.in.as     = Assam
country.description.in.br     = Bihar
country.description.in.cg     = Chhattisgarh
country.description.in.ch     = Chandigarh
country.description.in.dh     = Dadra und Nagar Haveli und Daman und Diu
country.description.in.dl     = Delhi
country.description.in.ga     = Goa
country.description.in.gj     = Gujarat
country.description.in.hp     = Himachal Pradesh
country.description.in.hr     = Haryana
country.description.in.jh     = Jharkhand
country.description.in.jk     = Jammu und Kashmir
country.description.in.ka     = Karnataka
country.description.in.kl     = Kerala
country.description.in.la     = Ladākh
country.description.in.ld     = Lakshadweep
country.description.in.mh     = Maharashtra
country.description.in.ml     = Meghalaya
country.description.in.mn     = Manipur
country.description.in.mp     = Madhya Pradesh
country.description.in.mz     = Mizoram
country.description.in.nl     = Nagaland
country.description.in.od     = Orissa
country.description.in.pb     = Punjab
country.description.in.py     = Puducherry
country.description.in.rj     = Rajasthan
country.description.in.sk     = Sikkim
country.description.in.tn     = Tamil Nadu
country.description.in.tr     = Tripura
country.description.in.ts     = Telangana
country.description.in.uk     = Uttarakhand
country.description.in.up     = Uttar Pradesh
country.description.in.wb     = West Bengal
country.description.io        = Britische Territorien im Indischen Ozean
country.description.iq        = Irak
country.description.ir        = Iran, Islam. Rep.
country.description.is        = Island
country.description.it        = Italien
country.description.it.32     = Südtirol
country.description.je        = Jersey
country.description.jm        = Jamaika
country.description.jo        = Jordanien
country.description.jp        = Japan
country.description.ke        = Kenia
country.description.kg        = Kirgisistan
country.description.kh        = Kambodscha
country.description.ki        = Kiribati
country.description.km        = Komoren
country.description.kn        = St. Kitts und Nevis
country.description.kp        = Korea, Dem. Volksrep.
country.description.kr        = Korea, Rep.
country.description.kw        = Kuwait
country.description.ky        = Kaimaninseln
country.description.kz        = Kasachstan
country.description.la        = Laos, Dem. Volksrep.
country.description.lb        = Libanon
country.description.lc        = St. Lucia
country.description.li        = Liechtenstein
country.description.lk        = Sri Lanka
country.description.lr        = Liberia
country.description.ls        = Lesotho
country.description.lt        = Litauen
country.description.lu        = Luxemburg
country.description.lu.lu.clu = Luxemburg Stadt
country.description.lv        = Lettland
country.description.ly        = Libysch-Arabische Dschamahirija
country.description.ma        = Marokko
country.description.ma.01     = Tanger-Tétouan-Al Hoceïma
country.description.ma.02     = L'Oriental
country.description.ma.03     = Fès-Meknès
country.description.ma.04     = Rabat-Salé-Kénitra
country.description.ma.05     = Béni Mellal-Khénifra
country.description.ma.06     = Casablanca-Settat
country.description.ma.07     = Marrakesch-Safi
country.description.ma.08     = Drâa-Tafilalet
country.description.ma.09     = Souss-Massa
country.description.ma.10     = Guelmim-Oued Nomen (EH-partial)
country.description.ma.11     = Laâyoune-Sakia El Hamra (EH-partial)
country.description.ma.12     = Dakhla-Oued Ed-Dahab (EH)
country.description.mc        = Monaco
country.description.mc.CL     = La Colle
country.description.mc.CO     = La Condamine
country.description.mc.FO     = Fontvieille
country.description.mc.GA     = La Gare
country.description.mc.JE     = Exotischer Garten
country.description.mc.LA     = Larvotto
country.description.mc.MA     = Malbousquet
country.description.mc.MC     = Monte-Carlo
country.description.mc.MG     = Moneghetti
country.description.mc.MO     = Monaco-Ville
country.description.mc.MU     = Moulins
country.description.mc.PH     = Port-Hercule
country.description.mc.SD     = Sainte-Dévote
country.description.mc.SO     = Die Quelle
country.description.mc.SP     = Spélugues
country.description.mc.SR     = Saint-Roman
country.description.mc.VR     = Vallon de la Rousse
country.description.md        = Moldau, Rep.
country.description.md.ba     = Balti
country.description.me        = Montenegro
country.description.mg        = Madagaskar
country.description.mh        = Marshallinseln
country.description.mk        = Nordmazedonien
country.description.ml        = Mali
country.description.mm        = Myanmar
country.description.mn        = Mongolei
country.description.mo        = Macao
country.description.mp        = Nördliche Marianen
country.description.mq        = Martinique
country.description.mr        = Mauretanien
country.description.ms        = Montserrat
country.description.mt        = Malta
country.description.mu        = Mauritius
country.description.mv        = Malediven
country.description.mw        = Malawi
country.description.mx        = Mexiko
country.description.mx.pue    = Puebla
country.description.my        = Malaysia
country.description.mz        = Mosambik
country.description.na        = Namibia
country.description.nc        = Neukaledonien
country.description.ne        = Niger
country.description.nf        = Norfolk Insel
country.description.ng        = Nigeria
country.description.ng.la     = Lagos
country.description.ni        = Nicaragua
country.description.ni.bo     = Boaco
country.description.ni.gr     = Granada
country.description.ni.gr.na  = Nandaime
country.description.ni.md     = Madriz
country.description.ni.md.so  = Somoto
country.description.ni.mn     = Managua
country.description.ni.ms     = Masaya
country.description.ni.ms.ni  = Niquinohomo
country.description.ni.ri     = Rivas
country.description.ni.ri.mo  = Moyogalpa
country.description.ni.ri.om  = Ometepe
country.description.nl        = Niederlande
country.description.no        = Norwegen
country.description.np        = Nepal
country.description.nr        = Nauru
country.description.nu        = Niue
country.description.nz        = Neuseeland
country.description.nz.auk    = Auckland
country.description.nz.bop    = Bay of Plenty
country.description.nz.can    = Canterbury
country.description.nz.cit    = Chatham Islands Territorium
country.description.nz.gis    = Gisborne
country.description.nz.hkb    = Hawke's Bay
country.description.nz.mbh    = Marlborough
country.description.nz.mwt    = Manawatu-Wanganui
country.description.nz.nsn    = Nelson
country.description.nz.ntl    = Nordland
country.description.nz.ota    = Otago
country.description.nz.stl    = Südland
country.description.nz.tas    = Tasmanien
country.description.nz.tki    = Taranaki
country.description.nz.wgn    = Wellington
country.description.nz.wko    = Waikato
country.description.nz.wtc    = Westküste
country.description.om        = Oman
country.description.pa        = Panama
country.description.pe        = Peru
country.description.pf        = Französisch Polynesien
country.description.pg        = Papua-Neuguinea
country.description.ph        = Philippinen
country.description.pk        = Pakistan
country.description.pl        = Polen
country.description.pm        = Saint Pierre und Miquelon
country.description.pn        = Pitcairn
country.description.pr        = Puerto Rico
country.description.ps        = Palästinische Gebiete
country.description.pt        = Portugal
country.description.pt.01     = Aveiro
country.description.pt.01.AGD = Águeda
country.description.pt.01.ALB = Albergaria-a-Velha
country.description.pt.01.AND = Anadia
country.description.pt.01.ARC = Arouca
country.description.pt.01.AVR = Aveiro
country.description.pt.01.CPV = Castelo de Paiva
country.description.pt.01.ESP = Espinho
country.description.pt.01.ETR = Estarreja
country.description.pt.01.ILH = Ílhavo
country.description.pt.01.MLD = Mealhada
country.description.pt.01.MRS = Murtosa
country.description.pt.01.OAZ = Oliveira de Azeméis
country.description.pt.01.OBR = Oliveira do Bairro
country.description.pt.01.OVR = Ovar
country.description.pt.01.SJM = São João da Madeira
country.description.pt.01.SVV = Sever do Vouga
country.description.pt.01.VAC = Vale de Cambra
country.description.pt.01.VFR = Santa Maria da Feira
country.description.pt.01.VGS = Vagos
country.description.pt.02     = Beja
country.description.pt.02.ADV = Almodôvar
country.description.pt.02.AJT = Aljustrel
country.description.pt.02.AVT = Alvito
country.description.pt.02.BJA = Beja
country.description.pt.02.BRC = Barrancos
country.description.pt.02.CBA = Kuba
country.description.pt.02.CVR = Castro Verde
country.description.pt.02.FAL = Ferreira do Alentejo
country.description.pt.02.MRA = Moura
country.description.pt.02.MTL = Mértola
country.description.pt.02.ODM = Odemira
country.description.pt.02.ORQ = Ourique
country.description.pt.02.SRP = Serpa
country.description.pt.02.VDG = Vidigueira
country.description.pt.03     = Braga
country.description.pt.03.AMR = Amares
country.description.pt.03.ANS = Ansião
country.description.pt.03.BCL = Barcelos
country.description.pt.03.BGC = Bragança
country.description.pt.03.BRG = Braga
country.description.pt.03.CBC = Cabeceiras de Basto
country.description.pt.03.CBT = Celorico de Basto
country.description.pt.03.CDV = Cadaval
country.description.pt.03.EPS = Esposende
country.description.pt.03.FAF = Fafe
country.description.pt.03.GMR = Guimarães
country.description.pt.03.PVL = Póvoa de Lanhoso
country.description.pt.03.TBR = Terras de Bouro
country.description.pt.03.VIZ = Vizela
country.description.pt.03.VNF = Vila Nova de Famalicão
country.description.pt.03.VRM = Vieira do Minho
country.description.pt.03.VVD = Vila Verde
country.description.pt.04     = Bragança
country.description.pt.04.AFE = Alfândega da Fé
country.description.pt.04.CRZ = Carrazeda de Ansiães
country.description.pt.04.FEC = Freixo de Espada à Cinta
country.description.pt.04.MCD = Macedo de Cavaleiros
country.description.pt.04.MDL = Mirandela
country.description.pt.04.MDR = Miranda do Douro
country.description.pt.04.MGD = Mogadouro
country.description.pt.04.TMC = Torre de Moncorvo
country.description.pt.04.VFL = Vila Flor
country.description.pt.04.VMS = Vimioso
country.description.pt.04.VNH = Vinhais
country.description.pt.05     = Castelo Branco
country.description.pt.05.BMT = Belmonte
country.description.pt.05.CTB = Castelo Branco
country.description.pt.05.CVL = Covilhã
country.description.pt.05.FND = Fundão
country.description.pt.05.IDN = Idanha-a-Nova
country.description.pt.05.OLR = Oleiros
country.description.pt.05.PNC = Penamacor
country.description.pt.05.PNV = Proença-a-Nova
country.description.pt.05.SRT = Sertã
country.description.pt.05.VLR = Vila de Rei
country.description.pt.05.VVR = Vila Velha de Ródão
country.description.pt.06     = Coimbra
country.description.pt.06.AGN = Arganil
country.description.pt.06.CBR = Coimbra
country.description.pt.06.CDN = Condeixa-a-Nova
country.description.pt.06.CNT = Cantanhede
country.description.pt.06.FIG = Figueira da Foz
country.description.pt.06.GOI = Góis
country.description.pt.06.LSA = Lousã
country.description.pt.06.MCV = Miranda do Corvo
country.description.pt.06.MIR = Mira
country.description.pt.06.MMV = Montemor-o-Velho
country.description.pt.06.OHP = Oliveira do Hospital
country.description.pt.06.PCV = Penacova
country.description.pt.06.PNL = Penela
country.description.pt.06.PPS = Pampilhosa da Serra
country.description.pt.06.PRS = Vila Nova de Poiares
country.description.pt.06.SRE = Soure
country.description.pt.06.TBU = Tábua
country.description.pt.07     = Évora
country.description.pt.07.ADL = Alandroal
country.description.pt.07.ARL = Arraiolos
country.description.pt.07.BRB = Borba
country.description.pt.07.ETZ = Estremoz
country.description.pt.07.EVR = Évora
country.description.pt.07.MMN = Montemor-o-Novo
country.description.pt.07.MOR = Mora
country.description.pt.07.MOU = Mourão
country.description.pt.07.PRL = Portel
country.description.pt.07.RDD = Redondo
country.description.pt.07.RMZ = Reguengos de Monsaraz
country.description.pt.07.VND = Vendas Novas
country.description.pt.07.VNT = Viana do Alentejo
country.description.pt.07.VVC = Vila Viçosa
country.description.pt.08     = Faro
country.description.pt.08.ABF = Albufeira
country.description.pt.08.ACT = Alcoutim
country.description.pt.08.AJZ = Aljezur
country.description.pt.08.CTM = Castro Marim
country.description.pt.08.FAR = Faro
country.description.pt.08.LGA = Lagoa
country.description.pt.08.LGS = Lagos
country.description.pt.08.LLE = Loulé
country.description.pt.08.MCQ = Monchique
country.description.pt.08.OLH = Olhão
country.description.pt.08.PTM = Portimão
country.description.pt.08.SBA = São Brás de Alportel
country.description.pt.08.SLV = Silves
country.description.pt.08.TVR = Tavira
country.description.pt.08.VBP = Vila do Bispo
country.description.pt.08.VRS = Vila Real de Santo António
country.description.pt.09     = Guarda
country.description.pt.09.AGB = Aguiar da Beira
country.description.pt.09.ALD = Almeida
country.description.pt.09.CLB = Celorico da Beira
country.description.pt.09.FAG = Fornos de Algodres
country.description.pt.09.FCR = Figueira de Castelo Rodrigo
country.description.pt.09.GRD = Guarda
country.description.pt.09.GVA = Gouveia
country.description.pt.09.MED = Mêda
country.description.pt.09.MTG = Manteigas
country.description.pt.09.PNH = Pinhel
country.description.pt.09.SBG = Sabugal
country.description.pt.09.SEI = Seia
country.description.pt.09.TCR = Trancoso
country.description.pt.09.VLF = Vila Nova de Foz Côa
country.description.pt.10     = Leiria
country.description.pt.10.ACB = Alcobaça
country.description.pt.10.AVZ = Alvaiázere
country.description.pt.10.BBR = Bombarral
country.description.pt.10.BTL = Batalha
country.description.pt.10.CLD = Caldas da Rainha
country.description.pt.10.CPR = Castanheira de Pera
country.description.pt.10.FVN = Figueiró dos Vinhos
country.description.pt.10.LRA = Leiria
country.description.pt.10.MGR = Marinha Grande
country.description.pt.10.NZR = Nazaré
country.description.pt.10.OBD = Óbidos
country.description.pt.10.PBL = Pombal
country.description.pt.10.PGR = Pedrógão Grande
country.description.pt.10.PMS = Porto de Mós
country.description.pt.10.PNI = Peniche
country.description.pt.11     = Lissabon
country.description.pt.11.ALQ = Alenquer
country.description.pt.11.AMD = Amadora
country.description.pt.11.ARV = Arruda dos Vinhos
country.description.pt.11.AZB = Azambuja
country.description.pt.11.CSC = Cascais
country.description.pt.11.LNH = Lourinhã
country.description.pt.11.LRS = Loures
country.description.pt.11.LSB = Lisboa
country.description.pt.11.MFR = Mafra
country.description.pt.11.ODV = Odivelas
country.description.pt.11.OER = Oeiras
country.description.pt.11.SMA = Sobral de Monte Agraço
country.description.pt.11.SNT = Sintra
country.description.pt.11.TVD = Torres Vedras
country.description.pt.11.VFX = Vila Franca de Xira
country.description.pt.12     = Portalegre
country.description.pt.12.ALT = Alter do Chão
country.description.pt.12.ARR = Arronches
country.description.pt.12.AVS = Avis
country.description.pt.12.CMR = Campo Maior
country.description.pt.12.CRT = Crato
country.description.pt.12.CVD = Castelo de Vide
country.description.pt.12.ELV = Elvas
country.description.pt.12.FTR = Fronteira
country.description.pt.12.GAV = Gavião
country.description.pt.12.MFT = Monforte
country.description.pt.12.MRV = Marvão
country.description.pt.12.NIS = Nisa
country.description.pt.12.PSR = Ponte de Sor
country.description.pt.12.PTG = Portalegre
country.description.pt.12.SSL = Sousel
country.description.pt.13     = Porto
country.description.pt.13.AMT = Amarante
country.description.pt.13.BAO = Baião
country.description.pt.13.FLG = Felgueiras
country.description.pt.13.GDM = Gondomar
country.description.pt.13.LOU = Lousada
country.description.pt.13.MAI = Maia
country.description.pt.13.MCN = Marco de Canaveses
country.description.pt.13.MTS = Matosinhos
country.description.pt.13.PFR = Paços de Ferreira
country.description.pt.13.PNF = Penafiel
country.description.pt.13.PRD = Paredes
country.description.pt.13.PRT = Porto
country.description.pt.13.PVZ = Póvoa de Varzim
country.description.pt.13.STS = Santo Tirso
country.description.pt.13.TRF = Trofa
country.description.pt.13.VCD = Vila do Conde
country.description.pt.13.VLG = Valongo
country.description.pt.13.VNG = Vila Nova de Gaia
country.description.pt.14     = Santarém
country.description.pt.14.ABT = Abrantes
country.description.pt.14.ACN = Alcanena
country.description.pt.14.ALR = Almeirim
country.description.pt.14.APC = Alpiarça
country.description.pt.14.BNV = Benavente
country.description.pt.14.CCH = Coruche
country.description.pt.14.CHM = Chamusca
country.description.pt.14.CNS = Constância
country.description.pt.14.CTX = Cartaxo
country.description.pt.14.ENT = Entroncamento
country.description.pt.14.FZZ = Ferreira do Zêzere
country.description.pt.14.GLG = Golegã
country.description.pt.14.MAC = Mação
country.description.pt.14.ORM = Ourém
country.description.pt.14.RMR = Rio Maior
country.description.pt.14.SMG = Salvaterra de Magos
country.description.pt.14.SRD = Sardoal
country.description.pt.14.STR = Santarém
country.description.pt.14.TMR = Tomar
country.description.pt.14.TNV = Torres Novas
country.description.pt.14.VNB = Vila Nova da Barquinha
country.description.pt.15     = Setúbal
country.description.pt.15.ACH = Alcochete
country.description.pt.15.ALM = Almada
country.description.pt.15.ASL = Alcácer do Sal
country.description.pt.15.BRR = Barreiro
country.description.pt.15.GDL = Grândola
country.description.pt.15.MTA = Moita
country.description.pt.15.MTJ = Montijo
country.description.pt.15.PLM = Palmela
country.description.pt.15.SNS = Sines
country.description.pt.15.SSB = Sesimbra
country.description.pt.15.STB = Setúbal
country.description.pt.15.STC = Santiago do Cacém
country.description.pt.15.SXL = Seixal
country.description.pt.16     = Viana do Castelo
country.description.pt.16.AVV = Arcos de Valdevez
country.description.pt.16.CMN = Caminha
country.description.pt.16.MLG = Melgaço
country.description.pt.16.MNC = Monção
country.description.pt.16.PCR = Paredes de Coura
country.description.pt.16.PTB = Ponte da Barca
country.description.pt.16.PTL = Ponte de Lima
country.description.pt.16.VCT = Viana do Castelo
country.description.pt.16.VLC = Valença
country.description.pt.16.VNC = Vila Nova de Cerveira
country.description.pt.17     = Vila Real
country.description.pt.17.ALJ = Alijó
country.description.pt.17.BTC = Boticas
country.description.pt.17.CHV = Chaves
country.description.pt.17.MDB = Mondim de Basto
country.description.pt.17.MSF = Mesão Frio
country.description.pt.17.MTR = Montalegre
country.description.pt.17.MUR = Murça
country.description.pt.17.PRG = Peso da Régua
country.description.pt.17.RPN = Ribeira de Pena
country.description.pt.17.SBS = Sabrosa
country.description.pt.17.SMP = Santa Marta de Penaguião
country.description.pt.17.VPA = Vila Pouca de Aguiar
country.description.pt.17.VPC = Valpaços
country.description.pt.17.VRL = Vila Real
country.description.pt.18     = Viseu
country.description.pt.18.AMM = Armamar
country.description.pt.18.CDR = Castro Daire
country.description.pt.18.CNF = Cinfães
country.description.pt.18.CRS = Carregal do Sal
country.description.pt.18.LMG = Lamego
country.description.pt.18.MBR = Moimenta da Beira
country.description.pt.18.MGL = Mangualde
country.description.pt.18.MRT = Mortágua
country.description.pt.18.NLS = Nelas
country.description.pt.18.OFR = Oliveira de Frades
country.description.pt.18.PCT = Penalva do Castelo
country.description.pt.18.PND = Penedono
country.description.pt.18.RSD = Resende
country.description.pt.18.SAT = Sátão
country.description.pt.18.SCD = Santa Comba Dão
country.description.pt.18.SJP = São João da Pesqueira
country.description.pt.18.SPS = São Pedro do Sul
country.description.pt.18.SRN = Sernancelhe
country.description.pt.18.TBC = Tabuaço
country.description.pt.18.TND = Tondela
country.description.pt.18.TRC = Tarouca
country.description.pt.18.VIS = Viseu
country.description.pt.18.VNP = Vila Nova de Paiva
country.description.pt.18.VZL = Vouzela
country.description.pt.20     = Azoren
country.description.pt.20.AGH = Angra do Heroísmo
country.description.pt.20.CHT = Calheta (Açores)
country.description.pt.20.CRV = Corvo
country.description.pt.20.HRT = Horta
country.description.pt.20.LAG = Lagoa (Açores)
country.description.pt.20.LGF = Lajes das Flores
country.description.pt.20.LGP = Lajes do Pico
country.description.pt.20.MAD = Madalena
country.description.pt.20.NRD = Nordeste
country.description.pt.20.PDL = Ponta Delgada
country.description.pt.20.PVC = Povoação
country.description.pt.20.RGR = Ribeira Grande
country.description.pt.20.SCF = Santa Cruz das Flores
country.description.pt.20.SCG = Santa Cruz da Graciosa
country.description.pt.20.SRQ = São Roque do Pico
country.description.pt.20.VFC = Vila Franca do Campo
country.description.pt.20.VLS = Velas
country.description.pt.20.VPT = Vila do Porto
country.description.pt.20.VPV = Praia da Vitória
country.description.pt.30     = Madeira
country.description.pt.30.CLT = Calheta
country.description.pt.30.CML = Câmara de Lobos
country.description.pt.30.FNC = Funchal
country.description.pt.30.MCH = Machico
country.description.pt.30.PMZ = Porto Moniz
country.description.pt.30.PST = Porto Santo
country.description.pt.30.PTS = Ponta do Sol
country.description.pt.30.RBR = Ribeira Brava
country.description.pt.30.SCR = Santa Cruz
country.description.pt.30.STN = Santana
country.description.pt.30.SVC = São Vicente
country.description.pw        = Palau
country.description.py        = Paraguay
country.description.qa        = Katar
country.description.re        = Réunion
country.description.ro        = Rumänien
country.description.rs        = Serbien
country.description.ru        = Russische Föderation
country.description.rw        = Ruanda
country.description.sa        = Saudi-Arabien
country.description.sb        = Salomonen
country.description.sc        = Seychellen
country.description.sd        = Sudan
country.description.se        = Schweden
country.description.sg        = Singapur
country.description.sh        = Saint Helena
country.description.si        = Slowenien
country.description.sj        = Svalbard und Jan Mayen
country.description.sk        = Slowakei
country.description.sl        = Sierra Leone
country.description.sm        = San Marino
country.description.sm.01     = Acquaviva
country.description.sm.02     = Chiesanuova
country.description.sm.03     = Domagnano
country.description.sm.04     = Faetano
country.description.sm.05     = Fiorentino
country.description.sm.06     = Borgo Maggiore
country.description.sm.07     = Stadt San Marino
country.description.sm.08     = Montegiardino
country.description.sm.09     = Serravalle
country.description.sn        = Senegal
country.description.so        = Somalia
country.description.sr        = Suriname
country.description.ss        = Süd-Sudan
country.description.st        = São Tomé und Príncipe
country.description.sv        = El Salvador
country.description.sx        = Saint Martin (Dutch part)
country.description.sy        = Syrien, Arab. Rep.
country.description.sz        = Swasiland
country.description.target    = Trans-European Automated Real-time Gross settlement Express Transfer system closing dates
country.description.tc        = Turks- und Caicosinseln
country.description.td        = Tschad
country.description.tf        = Französische Südgebiete
country.description.tg        = Togo
country.description.th        = Thailand
country.description.tj        = Tadschikistan
country.description.tk        = Tokelau
country.description.tl        = Timor-Leste
country.description.tm        = Turkmenistan
country.description.tn        = Tunesien
country.description.to        = Tonga
country.description.tr        = Türkei
country.description.tt        = Trinidad und Tobago
country.description.tv        = Tuvalu
country.description.tw        = Taiwan
country.description.tz        = Tansania, Vereinigte Rep.
country.description.ua        = Ukraine
country.description.ug        = Uganda
country.description.um        = United States Minor Outlying Islands
country.description.us        = Vereinigte Staaten von Amerika
country.description.us.ak     = Alaska
country.description.us.al     = Alabama
country.description.us.ar     = Arkansas
country.description.us.az     = Arizona
country.description.us.be     = Berkeley
country.description.us.ca     = Kalifornien
country.description.us.co     = Colorado
country.description.us.ct     = Connecticut
country.description.us.dc     = District of Columbia
country.description.us.de     = Delaware
country.description.us.fl     = Florida
country.description.us.ga     = Georgia
country.description.us.hi     = Hawaii
country.description.us.ia     = Iowa
country.description.us.id     = Idaho
country.description.us.il     = Illinois
country.description.us.in     = Indiana
country.description.us.ks     = Kansas
country.description.us.ky     = Kentucky
country.description.us.la     = Louisiana
country.description.us.ma     = Massachusetts
country.description.us.md     = Maryland
country.description.us.me     = Maine
country.description.us.mi     = Michigan
country.description.us.mn     = Minnesota
country.description.us.mo     = Missouri
country.description.us.ms     = Mississippi
country.description.us.mt     = Montana
country.description.us.nc     = North Carolina
country.description.us.nc.ce  = Charlotte
country.description.us.nc.me  = Mecklenburg
country.description.us.nd     = North Dakota
country.description.us.ne     = Nebraska
country.description.us.nh     = New Hampshire
country.description.us.nj     = New Jersey
country.description.us.nm     = New Mexico
country.description.us.nv     = Nevada
country.description.us.ny     = New York
country.description.us.ny.nyc = New York City
country.description.us.oh     = Ohio
country.description.us.ok     = Oklahoma
country.description.us.or     = Oregon
country.description.us.pa     = Pennsylvania
country.description.us.ri     = Rhode Island
country.description.us.sc     = South Carolina
country.description.us.sd     = South Dakota
country.description.us.tn     = Tennesee
country.description.us.tx     = Texas
country.description.us.ut     = Utah
country.description.us.va     = Virginia
country.description.us.vt     = Vermont
country.description.us.wa     = Washington
country.description.us.wi     = Wisconsin
country.description.us.wv     = West Virginia
country.description.us.wy     = Wyoming
country.description.uy        = Uruguay
country.description.uz        = Usbekistan
country.description.va        = Heiliger Stuhl
country.description.vc        = St. Vincent und die Grenadinen
country.description.ve        = Venezuela
country.description.vg        = Britische Jungferninseln
country.description.vi        = Amerikanische Jungferninseln
country.description.vn        = Vietnam
country.description.vu        = Vanuatu
country.description.wf        = Wallis und Futuna
country.description.ws        = Samoa
country.description.xk        = Kosovo
country.description.ye        = Jemen
country.description.yt        = Mayotte
country.description.za        = Südafrika
country.description.zm        = Sambia
country.description.zw        = Simbabwe
