country.description.ad        = Ανδόρα
country.description.ad.02     = Ανδόρρα λα Βέγια
country.description.ad.03     = Κανίγιο
country.description.ad.04     = Ενκάμπ
country.description.ad.05     = Εσκάλδες-Ενγκορντάνι
country.description.ad.06     = Λα Μασάνα
country.description.ad.07     = Ορντίνο
country.description.ad.08     = Σαντ Ζουλιά ντε Λόρια
country.description.ae        = Ηνωμένα Αραβικά Εμιράτα
country.description.af        = Αφγανιστάν
country.description.ag        = Αντίγκουα και Μπαρμπούντα
country.description.ai        = Ανγκουίλα
country.description.al        = Αλβανία
country.description.am        = Αρμενία
country.description.am.ag     = Αραγκατσότν
country.description.am.ar     = Αραράτ
country.description.am.av     = Αρμαβίρ
country.description.am.er     = Ερεβάν
country.description.am.gr     = Γκεγκαρκουνίκ
country.description.am.kt     = Κοτάικ
country.description.am.lo     = Λορί
country.description.am.sh     = Σιράκ
country.description.am.su     = Σιουνίκ
country.description.am.tv     = Ταβούς
country.description.am.vd     = Βαγιότς Ντζόρ
country.description.an        = Ολλανδικές Αντίλλες
country.description.ao        = Ανγκόλα
country.description.aq        = Ανταρκτική
country.description.ar        = Αργεντινή
country.description.as        = Αμερικανική Σαμόα
country.description.at        = Αυστρία
country.description.at.1      = Μπούργκενλαντ
country.description.at.2      = Καρινθία
country.description.at.3      = Κάτω Αυστρία
country.description.at.4      = Άνω Αυστρία
country.description.at.5      = Σάλτσμπουργκ
country.description.at.6      = Στυρία
country.description.at.7      = Τιρόλο
country.description.at.8      = Φόραρλμπεργκ
country.description.at.9      = Βιέννη
country.description.au        = Αυστραλία
country.description.au.act    = Επικράτεια Αυστραλιανής Πρωτεύουσας
country.description.au.nsw    = Νέα Νότια Ουαλία
country.description.au.nt     = Βόρεια Επικράτεια
country.description.au.qld    = Κουΐνσλαντ
country.description.au.qld.br = Μπρίσμπεϊν
country.description.au.sa     = Νότια Αυστραλία
country.description.au.tas    = Τασμανία
country.description.au.tas.ho = Χόμπαρτ
country.description.au.tas.nh = Περιοχή Μη-Χόμπαρτ
country.description.au.vic    = Βικτώρια
country.description.au.wa     = Δυτική Αυστραλία
country.description.aw        = Αρούμπα
country.description.ax        = Νήσοι Άλαντ
country.description.az        = Αζερμπαϊτζάν
country.description.ba        = Βοσνία Ερζεγοβίνη
country.description.ba.bih    = Ομοσπονδία της Βοσνίας-Ερζεγοβίνης
country.description.ba.srp    = Σερβική Δημοκρατία
country.description.bb        = Μπαρμπέιντος
country.description.bd        = Μπαγκλαντές
country.description.be        = Βέλγιο
country.description.bf        = Μπουρκίνα Φάσο
country.description.bg        = Βουλγαρία
country.description.bh        = Μπαχρέιν
country.description.bi        = Μπουρουντί
country.description.bj        = Μπενίν
country.description.bm        = Βερμούδες
country.description.bn        = Μπρουνέι
country.description.bo        = Βολιβία
country.description.br        = Βραζιλία
country.description.br.go     = Γκοϊάς
country.description.br.mg     = Μινάς Γκεραίς
country.description.br.mg.bh  = Μπέλο Οριζόντε
country.description.br.ms     = Mato Grosso do Sul
country.description.br.ms.cg  = Κάμπο Γκράντε
country.description.br.ms.do  = Dourados
country.description.br.pb     = Paraíba
country.description.br.pb.jpa = João Pessoa
country.description.br.pe     = Pernambuco
country.description.br.pr     = Parana
country.description.br.pr.cu  = Curitiba
country.description.br.rj     = Ρίο ντε Τζανέιρο
country.description.br.rj.crj = City of Rio de Janeiro
country.description.br.rn     = Ρίο Grande do Norte
country.description.br.rn.na  = Natal
country.description.br.rs     = Ρίο Γκράντε ντο Σουλ
country.description.br.rs.sm  = Σάντα Καταρίνα
country.description.br.sp     = Σάο Πάολο
country.description.br.sp.csp = Πόλη του Σάο Πάολο
country.description.bs        = Μπαχάμες
country.description.bt        = Μπουτάν
country.description.bv        = Νήσος Μπουβέ
country.description.bw        = Μποτσουάνα
country.description.by        = Λευκορωσία
country.description.bz        = Μπελίζ
country.description.ca        = Καναδάς
country.description.ca.ab     = Αλμπέρτα
country.description.ca.bc     = Βρετανική Κολομβία
country.description.ca.mb     = Μανιτόμπα
country.description.ca.nb     = Νέο Μπρούνσγουικ
country.description.ca.nl     = Newfoundland and Labrador
country.description.ca.ns     = Nova Scotia
country.description.ca.nt     = Βορειοδυτικά Εδάφη
country.description.ca.nu     = Nunavut
country.description.ca.on     = Ontario
country.description.ca.pe     = Νήσος Πρίγκιπας Έντουαρντ
country.description.ca.qc     = Κεμπέκ
country.description.ca.sk     = Σασκάτσουαν
country.description.ca.yt     = Yukon
country.description.cc        = Νησιά Κόκος (Κήλινγκ)
country.description.cd        = Λαϊκή Δημοκρατία του Κονγκό
country.description.cf        = Δημοκρατία Κεντρικής Αφρικής
country.description.cg        = Κονγκό (Δημοκρατία)
country.description.ch        = Ελβετία
country.description.ch.ag     = Ααργκάου
country.description.ch.ai     = Απενζέλ Ινερχόντεν
country.description.ch.ar     = Απένζελ Αουσερχόντεν
country.description.ch.be     = Βέρνη
country.description.ch.bl     = Βασιλεία-Χώρα
country.description.ch.bs     = Βασιλεία-Πόλη
country.description.ch.fr     = Φρίμπουργκ
country.description.ch.ge     = Γενεύη
country.description.ch.gl     = Γκλάρους
country.description.ch.gr     = Γκριζόν
country.description.ch.ju     = Γιούρα
country.description.ch.lu     = Λουκέρνη
country.description.ch.ne     = Neuchȃtel
country.description.ch.nw     = Νιντβάλντεν
country.description.ch.ow     = Όμπβαλντεν
country.description.ch.sg     = Σανκτ Γκάλεν
country.description.ch.sh     = Σαφχάουζεν
country.description.ch.so     = Σόλοτουρν
country.description.ch.sz     = Σβυτς
country.description.ch.tg     = Θουργκάου
country.description.ch.ti     = Τιτσίνο
country.description.ch.ur     = Ούρι
country.description.ch.vd     = Βω
country.description.ch.vs     = Βαλαί
country.description.ch.zg     = Τσουγκ
country.description.ch.zh     = Ζυρίχη
country.description.ci        = Ακτή Ελεφαντοστού
country.description.ck        = Νήσοι Κουκ
country.description.cl        = Χιλή
country.description.cm        = Καμερούν
country.description.cn        = Κίνα
country.description.co        = Κολομβία
country.description.cr        = Κόστα Ρίκα
country.description.cu        = Κούβα
country.description.cu.01     = Pinar del Rio del Rio
country.description.cu.03     = Αβάνα
country.description.cu.04     = Matanzas
country.description.cu.05     = Clara City City
country.description.cu.06     = Cienfuegos
country.description.cu.07     = Holy Spirit Spirit Πνεύμα Αγίου Πνεύματος
country.description.cu.08     = Ciego de Avila de Avila
country.description.cu.09     = Camaguey
country.description.cu.10     = Las Tunas Tunas
country.description.cu.11     = Holguin
country.description.cu.12     = Granma
country.description.cu.13     = Santiago
country.description.cu.14     = Guantanamo
country.description.cu.15     = Artemisa
country.description.cu.16     = Mayabeque
country.description.cu.99     = Isle of Youth
country.description.cv        = Πράσινο Ακρωτήριο
country.description.cx        = Νήσος των Χριστουγέννων
country.description.cy        = Κύπρος
country.description.cy.01     = Λευκωσία
country.description.cy.02     = Λεμεσός
country.description.cy.03     = Λάρνακα
country.description.cy.04     = Αμμόχωστος
country.description.cy.05     = Πάφος
country.description.cy.06     = Κερύvεια
country.description.cz        = Τσεχική Δημοκρατία
country.description.de        = Γερμανία
country.description.de.bb     = Βραδεμβούργο
country.description.de.be     = Βερολίνο
country.description.de.bw     = Μπάντεν-Βίρτεμπεργκ
country.description.de.by     = Βαυαρία
country.description.de.by.ag  = Άουγκσμπουργκ
country.description.de.by.in  = Ίνγκολστατ
country.description.de.by.mu  = Μόναχο
country.description.de.by.re  = Ρέγκενσμπουργκ
country.description.de.by.wu  = Βίρτσμπουργκ
country.description.de.hb     = Βρέμη
country.description.de.he     = Έσση
country.description.de.hh     = Αμβούργο
country.description.de.mv     = Μεκλεμβούργο-Δυτική Πομερανία
country.description.de.ni     = Κάτω Σαξονία
country.description.de.nw     = Βόρεια Ρηνανία-Βεστφαλία
country.description.de.rp     = Ρηνανία-Παλατινάτο
country.description.de.sh     = Σλέσβιχ-Χολστάιν
country.description.de.sl     = Σάαρλαντ
country.description.de.sn     = Σαξονία
country.description.de.st     = Σαξονία-Άνχαλτ
country.description.de.th     = Θουριγγία
country.description.dj        = Τζιμπουτί
country.description.dk        = Δανία
country.description.dm        = Ντομίνικα
country.description.do        = Δομινικανή Δημοκρατία
country.description.dz        = Αλγερία
country.description.ec        = Εκουαδόρ
country.description.ee        = Εσθονία
country.description.eg        = Αίγυπτος
country.description.eh        = Δυτική Σαχάρα
country.description.er        = Ερυθραία
country.description.es        = Ισπανία
country.description.es.an     = Ανδαλουσία
country.description.es.ar     = Αραγονία
country.description.es.as     = Asturias
country.description.es.bcn    = Βαρκελώνη
country.description.es.cb     = Cantabria
country.description.es.ce     = Ceuta
country.description.es.cl     = Καστίλλη και Λεόν
country.description.es.cm     = Καστίλη - La Mancha
country.description.es.cn     = Κανάρια Νησιά
country.description.es.ct     = Καταλονία
country.description.es.ex     = Extremadura
country.description.es.ga     = Γαλικία
country.description.es.ib     = Βαλεαρίδες Νήσοι
country.description.es.lo     = La Rioja
country.description.es.mc     = Murcia
country.description.es.md     = Μαδρίτη
country.description.es.md.mad = Μαδρίτη
country.description.es.ml     = Melilla
country.description.es.nc     = Navarra
country.description.es.pv     = Euskadi
country.description.es.vc     = Valencia
country.description.et        = Αιθιοπία
country.description.fi        = Φινλανδία
country.description.fi.01     = Åland
country.description.fj        = Φίτζι
country.description.fk        = Φώλκλαντ (Μαλβίνες)
country.description.fm        = Μικρονησία
country.description.fo        = Νησιά Φερόες
country.description.fr        = Γαλλία
country.description.fr.971    = Γουαδελούπη
country.description.fr.972    = Μαρτινίκα
country.description.fr.973    = Guyane
country.description.fr.974    = Ρεουνιόν
country.description.fr.ges.57 = Moselle
country.description.fr.ges.67 = Bas-Rhin
country.description.fr.ges.68 = Haut-Rhin
country.description.ga        = Γκαμπόν
country.description.gb        = Ηνωμένο Βασίλειο της Μεγάλης Βρετανίας
country.description.gb.eng    = Αγγλία
country.description.gb.nir    = Βόρεια Ιρλανδία
country.description.gb.sct    = Σκωτία
country.description.gb.wls    = Ουαλία
country.description.gd        = Γρενάδα
country.description.ge        = Γεωργία
country.description.ge.ab     = Αμπχαζία
country.description.ge.aj     = Ajaria
country.description.ge.gu     = Guria
country.description.ge.im     = Imereti
country.description.ge.ka     = K'akheti
country.description.ge.kk     = Kvemo Kartli
country.description.ge.mm     = Mtskheta-Mtianeti
country.description.ge.rl     = Rach'a-Lechkhumi-Kvemo Svaneti
country.description.ge.sj     = Samtskhe-Javakheti
country.description.ge.sk     = Shida Kartli
country.description.ge.sz     = Samegrelo-Zemo Svaneti
country.description.ge.tb     = Τιφλίδα
country.description.gf        = Γαλλική Γουιάνα
country.description.gg        = Γκέρνσεϊ
country.description.gh        = Γκάνα
country.description.gi        = Γιβραλτάρ
country.description.gl        = Γροιλανδία
country.description.gm        = Γκάμπια
country.description.gn        = Γουϊνέα
country.description.gp        = Γουαδελούπη
country.description.gq        = Ισημερινή Γουινέα
country.description.gr        = Ελλάδα
country.description.gs        = Νότια Γεωργία και Νότιοι Νήσοι Σάντουιτς
country.description.gt        = Γουατεμάλα
country.description.gu        = Γκουάμ
country.description.gw        = Γουινέα Μπισσάου
country.description.gy        = Γουιάνα
country.description.hk        = Χονγκ Κονγκ
country.description.hm        = Νήσοι Χερντ και Μακντόναλντ
country.description.hn        = Ονδούρα
country.description.hr        = Κροατία (Τοπική Ονομασία\: Hrvatska)
country.description.ht        = Αϊτή
country.description.hu        = Ουγγαρία
country.description.id        = Ινδονησία
country.description.ie        = Ιρλανδία
country.description.il        = Ισραήλ
country.description.im        = Νήσος του Μαν
country.description.in        = Ινδία
country.description.in.an     = Νησιά Andaman και Nicobar
country.description.in.ap     = Andhra Pradesh
country.description.in.ar     = Arunachal Pradesh
country.description.in.as     = Ασάμ
country.description.in.br     = Μπιχάρ
country.description.in.cg     = Τσατισγκάρ
country.description.in.ch     = Chandigarh
country.description.in.dh     = Dadra και Nagar Haveli και Δαμαν και Ντίου
country.description.in.dl     = Δελχί
country.description.in.ga     = Γκόα
country.description.in.gj     = Gujarat
country.description.in.hp     = Arunachal Pradesh
country.description.in.hr     = Haryana
country.description.in.jh     = Τζάχαρχαμ
country.description.in.jk     = Τζαμού και Κασμίρ
country.description.in.ka     = Karnataka
country.description.in.kl     = Kerala
country.description.in.la     = Ladākh
country.description.in.ld     = Lakshadweep
country.description.in.mh     = Μαχαράστρα
country.description.in.ml     = Meghalaya
country.description.in.mn     = Manipur
country.description.in.mp     = Andhra Pradesh
country.description.in.mz     = Mizoram
country.description.in.nl     = Nagaland
country.description.in.od     = Orissa
country.description.in.pb     = Punjab
country.description.in.py     = Puducherry
country.description.in.rj     = Rajasthan
country.description.in.sk     = Sikkim
country.description.in.tn     = Tamil Nadu
country.description.in.tr     = Tripura
country.description.in.ts     = Telangana
country.description.in.uk     = Uttarakhand
country.description.in.up     = Uttar Pradesh
country.description.in.wb     = Δυτική Βεγγάλη
country.description.io        = Βρετανικό Έδαφος του Ινδικού Ωκεανού
country.description.iq        = Ιράκ
country.description.ir        = Ιράν
country.description.is        = Ισλανδία
country.description.it        = Ιταλία
country.description.it.32     = Νότιο Τιρόλο
country.description.je        = Τζέρσεϊ
country.description.jm        = Τζαμάικα
country.description.jo        = Ιορδανία
country.description.jp        = Ιαπωνία
country.description.ke        = Κένυα
country.description.kg        = Κιργιστάν
country.description.kh        = Καμπότζη
country.description.ki        = Κιριμπάτι
country.description.km        = Κομόρες
country.description.kn        = Σεν Κιτς και Νέβις
country.description.kp        = Λαϊκή Δημοκρατία της Κορέας
country.description.kr        = Δημοκρατία της Κορέας
country.description.kw        = Κουβέιτ
country.description.ky        = Νησιά Καϋμάν
country.description.kz        = Καζακστάν
country.description.la        = Λαϊκή Δημοκρατία του Λάος
country.description.lb        = Λίβανος
country.description.lc        = Αγία Λουκία
country.description.li        = Λιχτενστάιν
country.description.lk        = Σρι Λάνκα
country.description.lr        = Λιβερία
country.description.ls        = Λεσότο
country.description.lt        = Λιθουανία
country.description.lu        = Λουξεμβούργο
country.description.lu.lu.clu = Πόλη του Λουξεμβούργου
country.description.lv        = Λετονία
country.description.ly        = Λιβυκή Αραβική Τζαμαχιρία
country.description.ma        = Μαρόκο
country.description.ma.01     = Tanger-Tétouan-Al Hoceïma
country.description.ma.02     = L'Oriental
country.description.ma.03     = Fès-Meknès
country.description.ma.04     = Rabat-Salé-Kénitra
country.description.ma.05     = Béni Mellal-Khénifra
country.description.ma.06     = Καζαμπλάνκα-Settat
country.description.ma.07     = Marrakech-Safi
country.description.ma.08     = Drâa-Tafilalet
country.description.ma.09     = Souss-Massa
country.description.ma.10     = Guelmim-Oued Noun (EH-partial)
country.description.ma.11     = Laâyoune-Sakia El Hamra (EH-partial)
country.description.ma.12     = Dakhla-Oued Ed-Dahab (EH)
country.description.mc        = Μονακό
country.description.mc.CL     = Λα Κολ
country.description.mc.CO     = Λα Κονταμίν
country.description.mc.FO     = Φοντβιέιγ
country.description.mc.GA     = Λα Γκαρ
country.description.mc.JE     = Εξωτικός Κήπος
country.description.mc.LA     = Λαρβότο
country.description.mc.MA     = Μαλμπουσκέ
country.description.mc.MC     = Μόντε-Κάρλο
country.description.mc.MG     = Μονεγκέτι
country.description.mc.MO     = Μονακό-Βιλ
country.description.mc.MU     = Μουλέν
country.description.mc.PH     = Πορτ-Ερκύλ
country.description.mc.SD     = Σεντ-Ντεβότ
country.description.mc.SO     = Λα Σουρς
country.description.mc.SP     = Σπελούγκες
country.description.mc.SR     = Σεντ-Ρομάν
country.description.mc.VR     = Κοιλάδα της Ρους
country.description.md        = Δημοκρατία της Μολδαβίας
country.description.md.ba     = Μπαλτί
country.description.me        = Μαυροβούνιο
country.description.mg        = Μαδαγασκάρη
country.description.mh        = Νησιά Μάρσαλ
country.description.mk        = Βόρεια Μακεδονία
country.description.ml        = Μάλι
country.description.mm        = Μιανμάρ
country.description.mn        = Μογγολία
country.description.mo        = Μακάου
country.description.mp        = Νήσοι Βόρειες Μαριάνες
country.description.mq        = Μαρτινίκα
country.description.mr        = Μαυριτανία
country.description.ms        = Μοντσερράτ
country.description.mt        = Μάλτα
country.description.mu        = Μαυρίκιος
country.description.mv        = Μαλδίβες
country.description.mw        = Μαλάουι
country.description.mx        = Μεξικό
country.description.mx.pue    = Puebla
country.description.my        = Μαλαισία
country.description.mz        = Μοζαμβίκη
country.description.na        = Ναμίμπια
country.description.nc        = Νέα Καληδονία
country.description.ne        = Νίγηρας
country.description.nf        = Νησί Νόρφολκ
country.description.ng        = Νιγηρία
country.description.ng.la     = Λάγος
country.description.ni        = Νικαράγουα
country.description.ni.bo     = Boaco
country.description.ni.gr     = Granada
country.description.ni.gr.na  = Nandaime
country.description.ni.md     = Madriz
country.description.ni.md.so  = Somoto
country.description.ni.mn     = Managua
country.description.ni.ms     = Masaya
country.description.ni.ms.ni  = Niquinohomo
country.description.ni.ri     = Rivas
country.description.ni.ri.mo  = Moyogalpa
country.description.ni.ri.om  = Ometepe
country.description.nl        = Ολλανδία
country.description.no        = Νορβηγία
country.description.np        = Νεπάλ
country.description.nr        = Ναουρού
country.description.nu        = Νιούε
country.description.nz        = Νέα Ζηλανδία
country.description.nz.auk    = Όκλαντ
country.description.nz.bop    = Κόλπος του Πλέντυ (Bay of Plenty)
country.description.nz.can    = Canterbury
country.description.nz.cit    = Chatham Islands Territory
country.description.nz.gis    = Gisborne
country.description.nz.hkb    = Hawke's Bay
country.description.nz.mbh    = Marlborough
country.description.nz.mwt    = Manawatu-Wanganui
country.description.nz.nsn    = Nelson
country.description.nz.ntl    = Northland
country.description.nz.ota    = Otago
country.description.nz.stl    = Southland
country.description.nz.tas    = Tasman
country.description.nz.tki    = Taranaki
country.description.nz.wgn    = Wellington
country.description.nz.wko    = Waikato
country.description.nz.wtc    = West Coast
country.description.om        = Ομάν
country.description.pa        = Παναμάς
country.description.pe        = Περού
country.description.pf        = Γαλλική Πολυνησία
country.description.pg        = Παπούα Νέα Γουινέα
country.description.ph        = Φιλιππίνες
country.description.pk        = Πακιστάν
country.description.pl        = Πολωνία
country.description.pm        = Άγιος Πέτρος και Μικελόν
country.description.pn        = Νήσοι Πίτκαιρν
country.description.pr        = Πουέρτο Ρίκο
country.description.ps        = Παλαιστινιακά Εδάφη, Kατοικημένα
country.description.pt        = Πορτογαλία
country.description.pt.01     = Aveiro
country.description.pt.01.AGD = Águeda
country.description.pt.01.ALB = Albergaria-a-Velha
country.description.pt.01.AND = Anadia
country.description.pt.01.ARC = Arouca
country.description.pt.01.AVR = Aveiro
country.description.pt.01.CPV = Castelo de Paiva
country.description.pt.01.ESP = Espinho
country.description.pt.01.ETR = Estarreja
country.description.pt.01.ILH = Ílhavo
country.description.pt.01.MLD = Mealhada
country.description.pt.01.MRS = Murtosa
country.description.pt.01.OAZ = Oliveira de Azeméis
country.description.pt.01.OBR = Oliveira do Bairro
country.description.pt.01.OVR = Ovar
country.description.pt.01.SJM = São João da Madeira
country.description.pt.01.SVV = Sever do Vouga
country.description.pt.01.VAC = Vale de Cambra
country.description.pt.01.VFR = Santa Maria da Feira
country.description.pt.01.VGS = Vagos
country.description.pt.02     = Beja
country.description.pt.02.ADV = Almodôvar
country.description.pt.02.AJT = Aljustrel
country.description.pt.02.AVT = Alvito
country.description.pt.02.BJA = Beja
country.description.pt.02.BRC = Barrancos
country.description.pt.02.CBA = Cuba
country.description.pt.02.CVR = Castro Verde
country.description.pt.02.FAL = Ferreira do Alentejo
country.description.pt.02.MRA = Moura
country.description.pt.02.MTL = Mértola
country.description.pt.02.ODM = Odemira
country.description.pt.02.ORQ = Ourique
country.description.pt.02.SRP = Serpa
country.description.pt.02.VDG = Vidigueira
country.description.pt.03     = Braga
country.description.pt.03.AMR = Amares
country.description.pt.03.ANS = Ansião
country.description.pt.03.BCL = Barcelos
country.description.pt.03.BGC = Bragança
country.description.pt.03.BRG = Braga
country.description.pt.03.CBC = Cabeceiras de Basto
country.description.pt.03.CBT = Celorico de Basto
country.description.pt.03.CDV = Cadaval
country.description.pt.03.EPS = Esposende
country.description.pt.03.FAF = Fafe
country.description.pt.03.GMR = Guimarães
country.description.pt.03.PVL = Póvoa de Lanhoso
country.description.pt.03.TBR = Terras de Bouro
country.description.pt.03.VIZ = Vizela
country.description.pt.03.VNF = Vila Nova de Famalicão
country.description.pt.03.VRM = Vieira do Minho
country.description.pt.03.VVD = Vila Verde
country.description.pt.04     = Bragança
country.description.pt.04.AFE = Alfândega da Fé
country.description.pt.04.CRZ = Carrazeda de Ansiães
country.description.pt.04.FEC = Freixo de Espada à Cinta
country.description.pt.04.MCD = Macedo de Cavaleiros
country.description.pt.04.MDL = Mirandela
country.description.pt.04.MDR = Miranda do Douro
country.description.pt.04.MGD = Mogadouro
country.description.pt.04.TMC = Torre de Moncorvo
country.description.pt.04.VFL = Vila Flor
country.description.pt.04.VMS = Vimioso
country.description.pt.04.VNH = Vinhais
country.description.pt.05     = Castelo Branco
country.description.pt.05.BMT = Belmonte
country.description.pt.05.CTB = Castelo Branco
country.description.pt.05.CVL = Covilhã
country.description.pt.05.FND = Fundão
country.description.pt.05.IDN = Idanha-a-Nova
country.description.pt.05.OLR = Oleiros
country.description.pt.05.PNC = Penamacor
country.description.pt.05.PNV = Proença-a-Nova
country.description.pt.05.SRT = Sertã
country.description.pt.05.VLR = Vila de Rei
country.description.pt.05.VVR = Vila Velha de Ródão
country.description.pt.06     = Coimbra
country.description.pt.06.AGN = Arganil
country.description.pt.06.CBR = Coimbra
country.description.pt.06.CDN = Condeixa-a-Nova
country.description.pt.06.CNT = Cantanhede
country.description.pt.06.FIG = Figueira da Foz
country.description.pt.06.GOI = Góis
country.description.pt.06.LSA = Lousã
country.description.pt.06.MCV = Miranda do Corvo
country.description.pt.06.MIR = Mira
country.description.pt.06.MMV = Montemor-o-Velho
country.description.pt.06.OHP = Oliveira do Hospital
country.description.pt.06.PCV = Penacova
country.description.pt.06.PNL = Penela
country.description.pt.06.PPS = Pampilhosa da Serra
country.description.pt.06.PRS = Vila Nova de Poiares
country.description.pt.06.SRE = Soure
country.description.pt.06.TBU = Tábua
country.description.pt.07     = Évora
country.description.pt.07.ADL = Alandroal
country.description.pt.07.ARL = Arraiolos
country.description.pt.07.BRB = Borba
country.description.pt.07.ETZ = Estremoz
country.description.pt.07.EVR = Évora
country.description.pt.07.MMN = Montemor-o-Novo
country.description.pt.07.MOR = Mora
country.description.pt.07.MOU = Mourão
country.description.pt.07.PRL = Portel
country.description.pt.07.RDD = Redondo
country.description.pt.07.RMZ = Reguengos de Monsaraz
country.description.pt.07.VND = Vendas Novas
country.description.pt.07.VNT = Viana do Alentejo
country.description.pt.07.VVC = Vila Viçosa
country.description.pt.08     = Faro
country.description.pt.08.ABF = Albufeira
country.description.pt.08.ACT = Alcoutim
country.description.pt.08.AJZ = Aljezur
country.description.pt.08.CTM = Castro Marim
country.description.pt.08.FAR = Faro
country.description.pt.08.LGA = Lagoa
country.description.pt.08.LGS = Lagos
country.description.pt.08.LLE = Loulé
country.description.pt.08.MCQ = Monchique
country.description.pt.08.OLH = Olhão
country.description.pt.08.PTM = Portimão
country.description.pt.08.SBA = São Brás de Alportel
country.description.pt.08.SLV = Silves
country.description.pt.08.TVR = Tavira
country.description.pt.08.VBP = Vila do Bispo
country.description.pt.08.VRS = Vila Real de Santo António
country.description.pt.09     = Guarda
country.description.pt.09.AGB = Aguiar da Beira
country.description.pt.09.ALD = Almeida
country.description.pt.09.CLB = Celorico da Beira
country.description.pt.09.FAG = Fornos de Algodres
country.description.pt.09.FCR = Figueira de Castelo Rodrigo
country.description.pt.09.GRD = Guarda
country.description.pt.09.GVA = Gouveia
country.description.pt.09.MED = Mêda
country.description.pt.09.MTG = Manteigas
country.description.pt.09.PNH = Pinhel
country.description.pt.09.SBG = Sabugal
country.description.pt.09.SEI = Seia
country.description.pt.09.TCR = Trancoso
country.description.pt.09.VLF = Vila Nova de Foz Côa
country.description.pt.10     = Leiria
country.description.pt.10.ACB = Alcobaça
country.description.pt.10.AVZ = Alvaiázere
country.description.pt.10.BBR = Bombarral
country.description.pt.10.BTL = Batalha
country.description.pt.10.CLD = Caldas da Rainha
country.description.pt.10.CPR = Castanheira de Pera
country.description.pt.10.FVN = Figueiró dos Vinhos
country.description.pt.10.LRA = Leiria
country.description.pt.10.MGR = Marinha Grande
country.description.pt.10.NZR = Nazaré
country.description.pt.10.OBD = Óbidos
country.description.pt.10.PBL = Pombal
country.description.pt.10.PGR = Pedrógão Grande
country.description.pt.10.PMS = Porto de Mós
country.description.pt.10.PNI = Peniche
country.description.pt.11     = Lissabon
country.description.pt.11.ALQ = Alenquer
country.description.pt.11.AMD = Amadora
country.description.pt.11.ARV = Arruda dos Vinhos
country.description.pt.11.AZB = Azambuja
country.description.pt.11.CSC = Cascais
country.description.pt.11.LNH = Lourinhã
country.description.pt.11.LRS = Loures
country.description.pt.11.LSB = Lisboa
country.description.pt.11.MFR = Mafra
country.description.pt.11.ODV = Odivelas
country.description.pt.11.OER = Oeiras
country.description.pt.11.SMA = Sobral de Monte Agraço
country.description.pt.11.SNT = Sintra
country.description.pt.11.TVD = Torres Vedras
country.description.pt.11.VFX = Vila Franca de Xira
country.description.pt.12     = Portalegre
country.description.pt.12.ALT = Alter do Chão
country.description.pt.12.ARR = Arronches
country.description.pt.12.AVS = Avis
country.description.pt.12.CMR = Campo Maior
country.description.pt.12.CRT = Crato
country.description.pt.12.CVD = Castelo de Vide
country.description.pt.12.ELV = Elvas
country.description.pt.12.FTR = Fronteira
country.description.pt.12.GAV = Gavião
country.description.pt.12.MFT = Monforte
country.description.pt.12.MRV = Marvão
country.description.pt.12.NIS = Nisa
country.description.pt.12.PSR = Ponte de Sor
country.description.pt.12.PTG = Portalegre
country.description.pt.12.SSL = Sousel
country.description.pt.13     = Porto
country.description.pt.13.AMT = Amarante
country.description.pt.13.BAO = Baião
country.description.pt.13.FLG = Felgueiras
country.description.pt.13.GDM = Gondomar
country.description.pt.13.LOU = Lousada
country.description.pt.13.MAI = Maia
country.description.pt.13.MCN = Marco de Canaveses
country.description.pt.13.MTS = Matosinhos
country.description.pt.13.PFR = Paços de Ferreira
country.description.pt.13.PNF = Penafiel
country.description.pt.13.PRD = Paredes
country.description.pt.13.PRT = Porto
country.description.pt.13.PVZ = Póvoa de Varzim
country.description.pt.13.STS = Santo Tirso
country.description.pt.13.TRF = Trofa
country.description.pt.13.VCD = Vila do Conde
country.description.pt.13.VLG = Valongo
country.description.pt.13.VNG = Vila Nova de Gaia
country.description.pt.14     = Santarém
country.description.pt.14.ABT = Abrantes
country.description.pt.14.ACN = Alcanena
country.description.pt.14.ALR = Almeirim
country.description.pt.14.APC = Alpiarça
country.description.pt.14.BNV = Benavente
country.description.pt.14.CCH = Coruche
country.description.pt.14.CHM = Chamusca
country.description.pt.14.CNS = Constância
country.description.pt.14.CTX = Cartaxo
country.description.pt.14.ENT = Entroncamento
country.description.pt.14.FZZ = Ferreira do Zêzere
country.description.pt.14.GLG = Golegã
country.description.pt.14.MAC = Mação
country.description.pt.14.ORM = Ourém
country.description.pt.14.RMR = Rio Maior
country.description.pt.14.SMG = Salvaterra de Magos
country.description.pt.14.SRD = Sardoal
country.description.pt.14.STR = Santarém
country.description.pt.14.TMR = Tomar
country.description.pt.14.TNV = Torres Novas
country.description.pt.14.VNB = Vila Nova da Barquinha
country.description.pt.15     = Setúbal
country.description.pt.15.ACH = Alcochete
country.description.pt.15.ALM = Almada
country.description.pt.15.ASL = Alcácer do Sal
country.description.pt.15.BRR = Barreiro
country.description.pt.15.GDL = Grândola
country.description.pt.15.MTA = Moita
country.description.pt.15.MTJ = Montijo
country.description.pt.15.PLM = Palmela
country.description.pt.15.SNS = Sines
country.description.pt.15.SSB = Sesimbra
country.description.pt.15.STB = Setúbal
country.description.pt.15.STC = Santiago do Cacém
country.description.pt.15.SXL = Seixal
country.description.pt.16     = Viana do Castelo
country.description.pt.16.AVV = Arcos de Valdevez
country.description.pt.16.CMN = Caminha
country.description.pt.16.MLG = Melgaço
country.description.pt.16.MNC = Monção
country.description.pt.16.PCR = Paredes de Coura
country.description.pt.16.PTB = Ponte da Barca
country.description.pt.16.PTL = Ponte de Lima
country.description.pt.16.VCT = Viana do Castelo
country.description.pt.16.VLC = Valença
country.description.pt.16.VNC = Vila Nova de Cerveira
country.description.pt.17     = Vila Real
country.description.pt.17.ALJ = Alijó
country.description.pt.17.BTC = Boticas
country.description.pt.17.CHV = Chaves
country.description.pt.17.MDB = Mondim de Basto
country.description.pt.17.MSF = Mesão Frio
country.description.pt.17.MTR = Montalegre
country.description.pt.17.MUR = Murça
country.description.pt.17.PRG = Peso da Régua
country.description.pt.17.RPN = Ribeira de Pena
country.description.pt.17.SBS = Sabrosa
country.description.pt.17.SMP = Santa Marta de Penaguião
country.description.pt.17.VPA = Vila Pouca de Aguiar
country.description.pt.17.VPC = Valpaços
country.description.pt.17.VRL = Vila Real
country.description.pt.18     = Viseu
country.description.pt.18.AMM = Armamar
country.description.pt.18.CDR = Castro Daire
country.description.pt.18.CNF = Cinfães
country.description.pt.18.CRS = Carregal do Sal
country.description.pt.18.LMG = Lamego
country.description.pt.18.MBR = Moimenta da Beira
country.description.pt.18.MGL = Mangualde
country.description.pt.18.MRT = Mortágua
country.description.pt.18.NLS = Nelas
country.description.pt.18.OFR = Oliveira de Frades
country.description.pt.18.PCT = Penalva do Castelo
country.description.pt.18.PND = Penedono
country.description.pt.18.RSD = Resende
country.description.pt.18.SAT = Sátão
country.description.pt.18.SCD = Santa Comba Dão
country.description.pt.18.SJP = São João da Pesqueira
country.description.pt.18.SPS = São Pedro do Sul
country.description.pt.18.SRN = Sernancelhe
country.description.pt.18.TBC = Tabuaço
country.description.pt.18.TND = Tondela
country.description.pt.18.TRC = Tarouca
country.description.pt.18.VIS = Viseu
country.description.pt.18.VNP = Vila Nova de Paiva
country.description.pt.18.VZL = Vouzela
country.description.pt.20     = Azoren
country.description.pt.20.AGH = Angra do Heroísmo
country.description.pt.20.CHT = Calheta (Açores)
country.description.pt.20.CRV = Corvo
country.description.pt.20.HRT = Horta
country.description.pt.20.LAG = Lagoa (Açores)
country.description.pt.20.LGF = Lajes das Flores
country.description.pt.20.LGP = Lajes do Pico
country.description.pt.20.MAD = Madalena
country.description.pt.20.NRD = Nordeste
country.description.pt.20.PDL = Ponta Delgada
country.description.pt.20.PVC = Povoação
country.description.pt.20.RGR = Ribeira Grande
country.description.pt.20.SCF = Santa Cruz das Flores
country.description.pt.20.SCG = Santa Cruz da Graciosa
country.description.pt.20.SRQ = São Roque do Pico
country.description.pt.20.VFC = Vila Franca do Campo
country.description.pt.20.VLS = Velas
country.description.pt.20.VPT = Vila do Porto
country.description.pt.20.VPV = Praia da Vitória
country.description.pt.30     = Madeira
country.description.pt.30.CLT = Calheta
country.description.pt.30.CML = Câmara de Lobos
country.description.pt.30.FNC = Funchal
country.description.pt.30.MCH = Machico
country.description.pt.30.PMZ = Porto Moniz
country.description.pt.30.PST = Porto Santo
country.description.pt.30.PTS = Ponta do Sol
country.description.pt.30.RBR = Ribeira Brava
country.description.pt.30.SCR = Santa Cruz
country.description.pt.30.STN = Santana
country.description.pt.30.SVC = São Vicente
country.description.pw        = Παλάου
country.description.py        = Παραγουάη
country.description.qa        = Κατάρ
country.description.re        = Ρεουνιόν
country.description.ro        = Ρουμανία
country.description.rs        = Σερβία και Μαυροβούνιο
country.description.ru        = Ρωσική Ομοσπονδία
country.description.rw        = Ρουάντα
country.description.sa        = Σαουδική Αραβία
country.description.sb        = Νήσοι Σολομώντος
country.description.sc        = Σεϋχέλλες
country.description.sd        = Σουδάν
country.description.se        = Σουηδία
country.description.sg        = Σιγκαπούρη
country.description.sh        = Αγία Ελένη
country.description.si        = Σλοβενία
country.description.sj        = Νησιά Σβάλμπαρντ και Γιαν Μαγιέν
country.description.sk        = Σλοβακία
country.description.sl        = Σιέρα Λεόνε
country.description.sm        = Σαν Μαρίνο
country.description.sm.01     = Ακουαβίβα
country.description.sm.02     = Κιεζανουόβα
country.description.sm.03     = Ντομανιάνο
country.description.sm.04     = Φαετάνο
country.description.sm.05     = Φιορεντίνο
country.description.sm.06     = Μπόργκο Ματζόρε
country.description.sm.07     = Πόλη του Αγίου Μαρίνου
country.description.sm.08     = Μοντετζαρντίνο
country.description.sm.09     = Σεραβάλε
country.description.sn        = Σενεγάλη
country.description.so        = Σομαλία
country.description.sr        = Σουρινάμ
country.description.ss        = Νότιο Σουδάν
country.description.st        = Άγιος Θωμάς και Πρινσίπε
country.description.sv        = Ελ Σαλβαδόρ
country.description.sx        = Άγιος Μαρτίνος (Ολλανδικό τμήμα)
country.description.sy        = Αραβική Δημοκρατία της Συρίας
country.description.sz        = Σουαζιλάνδη
country.description.target    = Ημερομηνία κλεισίματος του διευρωπαϊκού αυτοματοποιημένου συστήματος ταχείας μεταφοράς κεφαλαίων σε συνεχή χρόνο
country.description.tc        = Τερκς και Κάικος, Νήσοι
country.description.td        = Τσαντ
country.description.tf        = Γαλλικά Νότια Εδάφη
country.description.tg        = Τόγκο
country.description.th        = Ταϊλάνδη
country.description.tj        = Τατζικιστάν
country.description.tk        = Τοκελάου
country.description.tl        = Τιμόρ-Λέστε
country.description.tm        = Τουρκμενιστάν
country.description.tn        = Τυνησία
country.description.to        = Τόνγκα
country.description.tr        = Τουρκία
country.description.tt        = Τρινιδάδ και Τομπάγκο
country.description.tv        = Τουβαλού
country.description.tw        = Ταϊβάν
country.description.tz        = Τανζανία
country.description.ua        = Ουκρανία
country.description.ug        = Ουγκάντα
country.description.um        = Απομακρυσμένες Νησίδες των Ηνωμένων Πολιτειών
country.description.us        = Ηνωμένες Πολιτείες της Αμερικής
country.description.us.ak     = Αλάσκα
country.description.us.al     = Αλαμπάμα
country.description.us.ar     = Αρκάνσας
country.description.us.az     = Αριζόνα
country.description.us.be     = Μπέρκλεϊ
country.description.us.ca     = Καλιφόρνια
country.description.us.co     = Κολοράντο
country.description.us.ct     = Κονέκτικατ
country.description.us.dc     = Περιφέρεια της Κολούμπια
country.description.us.de     = Ντέλαγουερ
country.description.us.fl     = Φλόριντα
country.description.us.ga     = Γεωργία
country.description.us.hi     = Χαβάη
country.description.us.ia     = Αϊόβα
country.description.us.id     = Idaho
country.description.us.il     = Ιλινόις
country.description.us.in     = Ιντιάνα
country.description.us.ks     = Κάνσας
country.description.us.ky     = Κεντάκι
country.description.us.la     = Λουιζιάνα
country.description.us.ma     = Μασαχουσέτη
country.description.us.md     = Μέριλαντ
country.description.us.me     = Κεντρικό
country.description.us.mi     = Μίσιγκαν
country.description.us.mn     = Μινεσότα
country.description.us.mo     = Μιζούρι
country.description.us.ms     = Mississippi
country.description.us.mt     = Μοντάνα
country.description.us.nc     = Νότια Καρολίνα
country.description.us.nc.ce  = Σαρλότ
country.description.us.nc.me  = Mecklenburg
country.description.us.nd     = Νότια Ντακότα
country.description.us.ne     = Νεβράσκα
country.description.us.nh     = Νιου Χάμσαϊρ
country.description.us.nj     = Νιου Τζέρσεϊ
country.description.us.nm     = Νέο Μεξικό
country.description.us.nv     = Νεβάδα
country.description.us.ny     = Νέα Υόρκη
country.description.us.ny.nyc = Πόλη Της Νέας Υόρκης
country.description.us.oh     = Οχάιο
country.description.us.ok     = Οκλαχόμα
country.description.us.or     = Όρεγκον
country.description.us.pa     = Πενσυλβάνια
country.description.us.ri     = Ρόουντ Άιλαντ
country.description.us.sc     = Νότια Καρολίνα
country.description.us.sd     = Νότια Ντακότα
country.description.us.tn     = Τενεσί
country.description.us.tx     = Τέξας
country.description.us.ut     = Γιούτα
country.description.us.va     = Βιρτζίνια
country.description.us.vt     = Βερμόντ
country.description.us.wa     = Ουάσινγκτον
country.description.us.wi     = Ουισκόνσιν
country.description.us.wv     = Δυτική Βιρτζίνια
country.description.us.wy     = Ουαϊόμινγκ
country.description.uy        = Ουρουγουάη
country.description.uz        = Ουζμπεκιστάν
country.description.va        = Κράτος Της Πόλης Του Βατικανού (Αγία Έδρα)
country.description.vc        = Άγιος Βικέντιος και Γρεναδίνες
country.description.ve        = Βενεζουέλα
country.description.vg        = Παρθένες Νήσοι (Βρετανικά)
country.description.vi        = Παρθένες Νήσοι (Η.Π.Α.)
country.description.vn        = Βιετνάμ
country.description.vu        = Βανουάτου
country.description.wf        = Νησιά Ουόλις και Φουτούνα
country.description.ws        = Σαμόα
country.description.xk        = Κοσσυφοπέδιο
country.description.ye        = Υεμένη
country.description.yt        = Μαγιότ
country.description.za        = Νότια Αφρική
country.description.zm        = Ζάμπια
country.description.zw        = Ζιμπάμπουε
